,GENE,Variant_id,VARIANT,rs.Number,CHR,Position
1,UGT1A6,c.291T>A,p.Asn97Lys,rs927344,10,101544447-101544447
2,SLC22A5,c.1195A>G,p.Asn399Asp,rs1630320,11,64367325-64367325
3,SLC22A1,c.480G>C,p.Leu160Phe,rs1621378,11,74904362-74904362
4,SLC29A3,c.976A>G,p.Ile326Val,"rs27742,rs45494797",16,28603393-28603393
5,ABCC2,c.538A>G,p.Ile180Val,rs5819844,17,26727721-26727722
6,CYP17A1,c.1045C>T,p.Arg349Cys,rs55848814,19,15730498-15730498
7,CYP2C18,c.17C>T,p.Ala6Val,rs1801030,16,28617485-28617485
8,SLC15A2,c.1779T>C,p.Leu593Leu,rs915909,10,135347397-135347397
9,SLC22A9,c.1435A>G,p.Ile479Val,"rs1809810,CM057913",19,41350664-41350664
10,CYP4F3,c.758G>C,p.Gly253Ala,rs2228104,7,75614953-75614953
11,LST3,c.634T>C,p.Leu212Leu,rs338599,19,41700493-41700493
12,SLC46A1,c.230A>G,p.Glu77Gly,"rs316019,CM024424",6,160670282-160670282
13,CYP1B1,c.308T>C,p.Ile103Thr,rs1084004,10,73121945-73121945
14,CYP1B1,c.611T>C,p.Val204Ala,rs2252997,10,73115941-73115941
15,CYP1B1,c.587T>C,p.Leu196Pro,rs2252996,10,73115942-73115942
16,SLC22A6,c.1352C>T,p.Thr451Ile,rs16995378,19,15784386-15784386
17,FMO5,c.1011G>A,p.Pro337Pro,rs894469,1,146672906-146672906
18,POR,c.2041G>A,p.Val681Ile,rs1678339,13,95727780-95727780
19,POR,c.1991A>G,p.Gln664Arg,rs1189466,13,95726541-95726541
20,SLC22A6,c.1340A>G,p.Glu447Gly,rs609636,19,15789098-15789098
21,SLC22A6,c.1328T>C,p.Leu443Pro,"rs609290,CM043943",19,15789140-15789140
22,SLC22A3,c.1233G>A,p.Ala411Ala,rs3764006,12,21054369-21054369
23,NAT2,c.471A>G,p.Gly157Gly,rs2242048,15,85478410-85478410
24,SLC22A2,c.1506G>A,p.Val502Val,rs4149117,12,21011480-21011480
25,ABCB4,c.20A>G,p.Lys7Arg,rs188096,13,103705044-103705044
26,CYP2A13,c.1304G>A,-,"rs2257401,CM058399",7,99306685-99306685
27,SLC22A2,c.60G>A,p.Lys20Lys,rs2053098,12,21036411-21036411
28,CYP1B1,c.510G>A,p.Val170Val,rs2487068,10,73121913-73121913
29,SLC22A2,c.771C>T,p.Tyr257Tyr,rs7311358,12,21015760-21015760
